{
    "threshold_used": 0.3,
    "accuracy": 0.9293981481481481,
    "precision_overheat": 0.8381784016801149,
    "recall_overheat": 1.0,
    "f1_score_overheat": 0.9119663259170174,
    "brier_score": 0.053064047123739334,
    "confusion_matrix": [
        [
            11689,
            1464
        ],
        [
            0,
            7583
        ]
    ],
    "classification_report": "              precision    recall  f1-score   support\n\n  Normal (0)       1.00      0.89      0.94     13153\nOverheat (1)       0.84      1.00      0.91      7583\n\n    accuracy                           0.93     20736\n   macro avg       0.92      0.94      0.93     20736\nweighted avg       0.94      0.93      0.93     20736\n"
}