{
    "accuracy": 0.6661844135802469,
    "precision": 0.27817861151194484,
    "recall": 0.4175691937424789,
    "f1_score": 0.33391070053887606,
    "brier_score": 0.2557292536194469,
    "confusion_matrix": [
        [
            12079,
            4502
        ],
        [
            2420,
            1735
        ]
    ],
    "classification_report": "              precision    recall  f1-score   support\n\n           0       0.83      0.73      0.78     16581\n           1       0.28      0.42      0.33      4155\n\n    accuracy                           0.67     20736\n   macro avg       0.56      0.57      0.56     20736\nweighted avg       0.72      0.67      0.69     20736\n"
}