{
    "threshold_used": 0.3,
    "accuracy": 0.7715567129629629,
    "precision_overheat": 0.4556537640963121,
    "recall_overheat": 0.7196149217809867,
    "f1_score_overheat": 0.5579919753662406,
    "brier_score": 0.113465638501664,
    "confusion_matrix": [
        [
            13009,
            3572
        ],
        [
            1165,
            2990
        ]
    ],
    "classification_report": "              precision    recall  f1-score   support\n\n  Normal (0)       0.92      0.78      0.85     16581\nOverheat (1)       0.46      0.72      0.56      4155\n\n    accuracy                           0.77     20736\n   macro avg       0.69      0.75      0.70     20736\nweighted avg       0.83      0.77      0.79     20736\n"
}