{
    "threshold_used": 0.3,
    "accuracy": 0.9983238782877772,
    "precision_overheat": 0.9885209713024282,
    "recall_overheat": 1.0,
    "f1_score_overheat": 0.9942273534635879,
    "brier_score": 0.0016534761664523609,
    "confusion_matrix": [
        [
            13247,
            26
        ],
        [
            0,
            2239
        ]
    ],
    "classification_report": "              precision    recall  f1-score   support\n\n  Normal (0)       1.00      1.00      1.00     13273\nOverheat (1)       0.99      1.00      0.99      2239\n\n    accuracy                           1.00     15512\n   macro avg       0.99      1.00      1.00     15512\nweighted avg       1.00      1.00      1.00     15512\n"
}